Question Number,Claude_Humor,Claude_Source
1,2.0,1.0
2,3.0,3.8
3,3.0,4.0
4,4.0,4.0
5,3.0,1.0
6,4.0,4.0
7,4.0,4.0
8,4.0,4.0
9,3.0,1.0
10,4.0,4.0
11,3.966666666666667,4.0
12,3.0,1.0
13,4.0,4.0
14,2.0,1.0
15,4.0,4.0
16,4.633333333333334,4.0
17,2.066666666666667,1.0
18,3.3,4.0
19,3.0,1.0
20,4.0,4.0
21,3.0,4.0
22,4.6,4.0
23,4.233333333333333,4.0
24,3.4,4.0
