Question Number,Humor Rating,AI/Human Rating
1,4,3
2,4,3.333333333
3,4.333333333,1.333333333
4,5,1.666666667
5,4,2.333333333
6,5,2.333333333
7,3,3.333333333
8,5,1
9,4,2
10,4,3.666666667
11,4.333333333,2
12,3.666666667,2
13,5,1
14,4,2
15,4,3
16,5,2.333333333
17,4.333333333,2
18,3,4
19,4,2
20,4.333333333,2.666666667
21,3,4
22,5,2
23,4.666666667,1
24,3.333333333,1.333333333