Question Number,Humor Rating,AI/Human Rating
1,4.666666667,2
2,4.333333333,2
3,3.666666667,2
4,4,2.666666667
5,4,4
6,4.333333333,2
7,3.333333333,2
8,4.333333333,2
9,4,3.666666667
10,4,2
11,4.333333333,2
12,4,3
13,4.333333333,2
14,3.333333333,3
15,3.333333333,3
16,4.333333333,2.333333333
17,4,4
18,4,2
19,4.333333333,4
20,4.333333333,2
21,4,2
22,4,2
23,4,2
24,2,2.333333333