Question Number,Gemini_Humor,Gemini_Source
1,2.9,3.1
2,3.1666666666666665,3.0
3,4.0,4.0
4,3.8666666666666667,4.0
5,3.9,4.0
6,3.3666666666666667,3.8
7,2.3666666666666667,1.8
8,4.166666666666667,4.0
9,4.4,4.0
10,3.0,2.6
11,3.3,3.3
12,4.0,4.0
13,3.1666666666666665,3.3
14,4.4,4.0
15,3.2,3.9
16,4.333333333333333,4.0
17,4.9,4.0
18,3.0,2.4
19,5.0,4.0
20,4.033333333333333,3.8
21,2.8,2.0
22,4.1,4.0
23,4.033333333333333,4.0
24,2.9,3.2
