Question Number,ChatGPT_Humor,ChatGPT_Source
1,3.066666666666667,3.5
2,3.6,3.2
3,3.9,4.0
4,3.2333333333333334,2.8
5,2.8666666666666667,2.1
6,4.066666666666666,3.8
7,2.8333333333333335,2.2
8,3.8333333333333335,4.0
9,3.7666666666666666,2.4
10,3.6,3.7
11,3.9,4.0
12,3.4,2.8
13,3.2666666666666666,3.7
14,3.7,3.5
15,3.1,3.3
16,3.8,3.7
17,3.933333333333333,2.4
18,3.0,3.7
19,3.966666666666667,1.5
20,3.933333333333333,4.0
21,2.933333333333333,3.2
22,3.6666666666666665,3.7
23,3.1333333333333333,3.6
24,3.033333333333333,3.9
